-- phpMyAdmin SQL Dump
-- version 5.2.1
-- https://www.phpmyadmin.net/
--
-- Host: 127.0.0.1
-- Tempo de geração: 28-Out-2024 às 22:32
-- Versão do servidor: 10.4.32-MariaDB
-- versão do PHP: 8.2.12

SET SQL_MODE = "NO_AUTO_VALUE_ON_ZERO";
START TRANSACTION;
SET time_zone = "+00:00";


/*!40101 SET @OLD_CHARACTER_SET_CLIENT=@@CHARACTER_SET_CLIENT */;
/*!40101 SET @OLD_CHARACTER_SET_RESULTS=@@CHARACTER_SET_RESULTS */;
/*!40101 SET @OLD_COLLATION_CONNECTION=@@COLLATION_CONNECTION */;
/*!40101 SET NAMES utf8mb4 */;

--
-- Banco de dados: `wk_teste`
--

-- --------------------------------------------------------

--
-- Estrutura da tabela `clientes`
--

CREATE TABLE `clientes` (
  `codigo` int(11) NOT NULL,
  `nome` varchar(100) NOT NULL,
  `cidade` varchar(60) DEFAULT NULL,
  `uf` char(2) DEFAULT NULL
) ENGINE=InnoDB DEFAULT CHARSET=utf8 COLLATE=utf8_general_ci;

--
-- Extraindo dados da tabela `clientes`
--

INSERT INTO `clientes` (`codigo`, `nome`, `cidade`, `uf`) VALUES
(1, 'João Silva', 'São Paulo', 'SP'),
(2, 'Maria Oliveira', 'Rio de Janeiro', 'RJ'),
(3, 'Carlos Souza', 'Belo Horizonte', 'MG'),
(4, 'Ana Santos', 'Curitiba', 'PR'),
(5, 'Lucas Lima', 'Salvador', 'BA'),
(6, 'Fernanda Pereira', 'Porto Alegre', 'RS'),
(7, 'Rafael Costa', 'Brasília', 'DF'),
(8, 'Patrícia Almeida', 'Fortaleza', 'CE'),
(9, 'Eduardo Rocha', 'Recife', 'PE'),
(10, 'Juliana Martins', 'Manaus', 'AM'),
(11, 'Roberto Mendes', 'Goiânia', 'GO'),
(12, 'Camila Nascimento', 'Natal', 'RN'),
(13, 'Marcos Fernandes', 'Florianópolis', 'SC'),
(14, 'Tatiane Dias', 'Campo Grande', 'MS'),
(15, 'Felipe Gomes', 'São Luís', 'MA'),
(16, 'Juliano Barros', 'Teresina', 'PI'),
(17, 'Larissa Cardoso', 'João Pessoa', 'PB'),
(18, 'Tiago Moreira', 'Maceió', 'AL'),
(19, 'Sérgio Ribeiro', 'Aracaju', 'SE'),
(20, 'Aline Silva', 'Belém', 'PA'),
(21, 'Gustavo Martins', 'Vitória', 'ES'),
(22, 'Jéssica Lima', 'Cuiabá', 'MT'),
(23, 'André Santos', 'Rio Branco', 'AC'),
(24, 'Simone Nunes', 'Boa Vista', 'RR'),
(25, 'Vitor Hugo', 'Palmas', 'TO'),
(26, 'Mariana Tavares', 'Macapá', 'AP');

-- --------------------------------------------------------

--
-- Índices para tabela `clientes`
--
ALTER TABLE `clientes`
  ADD PRIMARY KEY (`codigo`),
  ADD KEY `idx_cliente` (`nome`);

--
-- Estrutura da tabela `pedidos`
--

CREATE TABLE `pedidos` (
  `numero_pedido` int(11) NOT NULL,
  `data_emissao` date NOT NULL,
  `codigo_cliente` int(11) NOT NULL,
  `valor_total` decimal(10,2) NOT NULL
) ENGINE=InnoDB DEFAULT CHARSET=utf8 COLLATE=utf8_general_ci;

--
-- Extraindo dados da tabela `pedidos`
--

INSERT INTO `pedidos` (`numero_pedido`, `data_emissao`, `codigo_cliente`, `valor_total`) VALUES
(1, '2024-01-01', 1, 150.00),
(2, '2024-01-02', 2, 200.50),
(3, '2024-01-03', 3, 100.75),
(4, '2024-01-04', 4, 300.20),
(5, '2024-01-05', 5, 250.00),
(6, '2024-01-06', 6, 90.99),
(7, '2024-01-07', 7, 120.00),
(8, '2024-01-08', 8, 75.50),
(9, '2024-01-09', 9, 180.00),
(10, '2024-01-10', 10, 55.25),
(11, '2024-01-11', 11, 130.40),
(12, '2024-01-12', 12, 300.75),
(13, '2024-01-13', 13, 80.00),
(14, '2024-01-14', 14, 110.25),
(15, '2024-01-15', 15, 140.00),
(16, '2024-01-16', 16, 170.60),
(17, '2024-01-17', 17, 95.90),
(18, '2024-01-18', 18, 120.80),
(19, '2024-01-19', 19, 210.00),
(20, '2024-01-20', 20, 75.00),
(21, '2024-01-21', 21, 190.50),
(22, '2024-01-22', 22, 160.00),
(23, '2024-01-23', 23, 220.00),
(24, '2024-01-24', 24, 135.00),
(25, '2024-01-25', 25, 300.00),
(26, '2024-10-28', 1, 26.75),
(27, '2024-10-28', 1, 34.25),
(28, '2024-10-28', 5, 39.75),
(29, '2024-10-28', 10, 49.75),
(30, '2024-10-28', 15, 54.10),
(31, '2024-10-28', 8, 5.99);

-- --------------------------------------------------------
--
-- Índices para tabela `pedidos`
--
ALTER TABLE `pedidos`
  ADD PRIMARY KEY (`numero_pedido`),
  ADD KEY `idx_codigo_cliente` (`codigo_cliente`);


--
-- Estrutura da tabela `pedidos_produtos`
--

CREATE TABLE `pedidos_produtos` (
  `id` int(11) NOT NULL,
  `numero_pedido` int(11) NOT NULL,
  `codigo_produto` int(11) NOT NULL,
  `quantidade` int(11) NOT NULL,
  `vir_unitario` decimal(10,2) NOT NULL,
  `vir_total` decimal(10,2) NOT NULL
) ENGINE=InnoDB DEFAULT CHARSET=utf8 COLLATE=utf8_general_ci;

--
-- Extraindo dados da tabela `pedidos_produtos`
--

INSERT INTO `pedidos_produtos` (`id`, `numero_pedido`, `codigo_produto`, `quantidade`, `vir_unitario`, `vir_total`) VALUES
(1, 1, 1, 2, 10.00, 20.00),
(2, 1, 2, 1, 15.50, 15.50),
(3, 1, 3, 3, 8.75, 26.25),
(4, 1, 4, 1, 22.99, 22.99),
(5, 1, 5, 5, 5.99, 29.95),
(6, 1, 6, 4, 12.49, 49.96),
(7, 1, 7, 2, 19.90, 39.80),
(8, 1, 8, 1, 30.00, 30.00),
(9, 1, 9, 2, 45.50, 91.00),
(10, 1, 10, 1, 2.50, 2.50),
(11, 2, 1, 1, 10.00, 10.00),
(12, 2, 2, 2, 15.50, 31.00),
(13, 2, 3, 1, 8.75, 8.75),
(14, 2, 4, 1, 22.99, 22.99),
(15, 2, 5, 2, 5.99, 11.98),
(16, 2, 6, 3, 12.49, 37.47),
(17, 2, 7, 1, 19.90, 19.90),
(18, 2, 8, 2, 30.00, 60.00),
(19, 2, 9, 1, 45.50, 45.50),
(20, 2, 10, 2, 2.50, 5.00),
(21, 3, 1, 3, 10.00, 30.00),
(22, 3, 2, 1, 15.50, 15.50),
(23, 3, 3, 2, 8.75, 17.50),
(24, 3, 4, 2, 22.99, 45.98),
(25, 3, 5, 1, 5.99, 5.99),
(26, 3, 6, 3, 12.49, 37.47),
(27, 3, 7, 1, 19.90, 19.90),
(28, 3, 8, 2, 30.00, 60.00),
(29, 3, 9, 1, 45.50, 45.50),
(30, 3, 10, 1, 2.50, 2.50),
(31, 4, 1, 1, 10.00, 10.00),
(32, 4, 2, 2, 15.50, 31.00),
(33, 4, 3, 1, 8.75, 8.75),
(34, 4, 4, 1, 22.99, 22.99),
(35, 4, 5, 2, 5.99, 11.98),
(36, 4, 6, 3, 12.49, 37.47),
(37, 4, 7, 1, 19.90, 19.90),
(38, 4, 8, 2, 30.00, 60.00),
(39, 4, 9, 1, 45.50, 45.50),
(40, 4, 10, 2, 2.50, 5.00),
(41, 5, 1, 2, 10.00, 20.00),
(42, 5, 2, 1, 15.50, 15.50),
(43, 5, 3, 3, 8.75, 26.25),
(44, 5, 4, 1, 22.99, 22.99),
(45, 5, 5, 5, 5.99, 29.95),
(46, 5, 6, 4, 12.49, 49.96),
(47, 5, 7, 2, 19.90, 39.80),
(48, 5, 8, 1, 30.00, 30.00),
(49, 5, 9, 2, 45.50, 91.00),
(50, 5, 10, 1, 2.50, 2.50),
(51, 6, 1, 2, 10.00, 20.00),
(52, 6, 2, 1, 15.50, 15.50),
(53, 6, 3, 3, 8.75, 26.25),
(54, 6, 4, 1, 22.99, 22.99),
(55, 6, 5, 5, 5.99, 29.95),
(56, 6, 6, 4, 12.49, 49.96),
(57, 6, 7, 2, 19.90, 39.80),
(58, 6, 8, 1, 30.00, 30.00),
(59, 6, 9, 2, 45.50, 91.00),
(60, 6, 10, 1, 2.50, 2.50),
(61, 7, 1, 1, 10.00, 10.00),
(62, 7, 2, 2, 15.50, 31.00),
(63, 7, 3, 1, 8.75, 8.75),
(64, 7, 4, 1, 22.99, 22.99),
(65, 7, 5, 2, 5.99, 11.98),
(66, 7, 6, 3, 12.49, 37.47),
(67, 7, 7, 1, 19.90, 19.90),
(68, 7, 8, 2, 30.00, 60.00),
(69, 7, 9, 1, 45.50, 45.50),
(70, 7, 10, 2, 2.50, 5.00),
(71, 8, 1, 3, 10.00, 30.00),
(72, 8, 2, 1, 15.50, 15.50),
(73, 8, 3, 2, 8.75, 17.50),
(74, 8, 4, 2, 22.99, 45.98),
(75, 8, 5, 1, 5.99, 5.99),
(76, 8, 6, 3, 12.49, 37.47),
(77, 8, 7, 1, 19.90, 19.90),
(78, 8, 8, 2, 30.00, 60.00),
(79, 8, 9, 1, 45.50, 45.50),
(80, 8, 10, 1, 2.50, 2.50),
(81, 9, 1, 1, 10.00, 10.00),
(82, 9, 2, 2, 15.50, 31.00),
(83, 9, 3, 1, 8.75, 8.75),
(84, 9, 4, 1, 22.99, 22.99),
(85, 9, 5, 2, 5.99, 11.98),
(86, 9, 6, 3, 12.49, 37.47),
(87, 9, 7, 1, 19.90, 19.90),
(88, 9, 8, 2, 30.00, 60.00),
(89, 9, 9, 1, 45.50, 45.50),
(90, 9, 10, 2, 2.50, 5.00),
(91, 6, 1, 2, 10.00, 20.00),
(92, 6, 2, 1, 15.50, 15.50),
(93, 6, 3, 3, 8.75, 26.25),
(94, 6, 4, 1, 22.99, 22.99),
(95, 6, 5, 5, 5.99, 29.95),
(96, 6, 6, 4, 12.49, 49.96),
(97, 6, 7, 2, 19.90, 39.80),
(98, 6, 8, 1, 30.00, 30.00),
(99, 6, 9, 2, 45.50, 91.00),
(100, 6, 10, 1, 2.50, 2.50),
(101, 7, 1, 1, 10.00, 10.00),
(102, 7, 2, 2, 15.50, 31.00),
(103, 7, 3, 1, 8.75, 8.75),
(104, 7, 4, 1, 22.99, 22.99),
(105, 7, 5, 2, 5.99, 11.98),
(106, 7, 6, 3, 12.49, 37.47),
(107, 7, 7, 1, 19.90, 19.90),
(108, 7, 8, 2, 30.00, 60.00),
(109, 7, 9, 1, 45.50, 45.50),
(110, 7, 10, 2, 2.50, 5.00),
(111, 8, 1, 3, 10.00, 30.00),
(112, 8, 2, 1, 15.50, 15.50),
(113, 8, 3, 2, 8.75, 17.50),
(114, 8, 4, 2, 22.99, 45.98),
(115, 8, 5, 1, 5.99, 5.99),
(116, 8, 6, 3, 12.49, 37.47),
(117, 8, 7, 1, 19.90, 19.90),
(118, 8, 8, 2, 30.00, 60.00),
(119, 8, 9, 1, 45.50, 45.50),
(120, 8, 10, 1, 2.50, 2.50),
(121, 9, 1, 1, 10.00, 10.00),
(122, 9, 2, 2, 15.50, 31.00),
(123, 9, 3, 1, 8.75, 8.75),
(124, 9, 4, 1, 22.99, 22.99),
(125, 9, 5, 2, 5.99, 11.98),
(126, 9, 6, 3, 12.49, 37.47),
(127, 9, 7, 1, 19.90, 19.90),
(128, 9, 8, 2, 30.00, 60.00),
(129, 9, 9, 1, 45.50, 45.50),
(130, 9, 10, 2, 2.50, 5.00),
(131, 10, 1, 2, 10.00, 20.00),
(132, 10, 2, 1, 15.50, 15.50),
(133, 10, 3, 3, 8.75, 26.25),
(134, 10, 4, 1, 22.99, 22.99),
(135, 10, 5, 5, 5.99, 29.95),
(136, 10, 6, 4, 12.49, 49.96),
(137, 10, 7, 2, 19.90, 39.80),
(138, 10, 8, 1, 30.00, 30.00),
(139, 10, 9, 2, 45.50, 91.00),
(140, 10, 10, 1, 2.50, 2.50),
(141, 11, 1, 2, 10.00, 20.00),
(142, 11, 2, 1, 15.50, 15.50),
(143, 11, 3, 3, 8.75, 26.25),
(144, 11, 4, 1, 22.99, 22.99),
(145, 11, 5, 5, 5.99, 29.95),
(146, 11, 6, 4, 12.49, 49.96),
(147, 11, 7, 2, 19.90, 39.80),
(148, 11, 8, 1, 30.00, 30.00),
(149, 11, 9, 2, 45.50, 91.00),
(150, 11, 10, 1, 2.50, 2.50),
(151, 12, 1, 1, 10.00, 10.00),
(152, 12, 2, 2, 15.50, 31.00),
(153, 12, 3, 1, 8.75, 8.75),
(154, 12, 4, 1, 22.99, 22.99),
(155, 12, 5, 2, 5.99, 11.98),
(156, 12, 6, 3, 12.49, 37.47),
(157, 12, 7, 1, 19.90, 19.90),
(158, 12, 8, 2, 30.00, 60.00),
(159, 12, 9, 1, 45.50, 45.50),
(160, 12, 10, 2, 2.50, 5.00),
(161, 13, 1, 3, 10.00, 30.00),
(162, 13, 2, 1, 15.50, 15.50),
(163, 13, 3, 2, 8.75, 17.50),
(164, 13, 4, 2, 22.99, 45.98),
(165, 13, 5, 1, 5.99, 5.99),
(166, 13, 6, 3, 12.49, 37.47),
(167, 13, 7, 1, 19.90, 19.90),
(168, 13, 8, 2, 30.00, 60.00),
(169, 13, 9, 1, 45.50, 45.50),
(170, 13, 10, 1, 2.50, 2.50),
(171, 14, 1, 1, 10.00, 10.00),
(172, 14, 2, 2, 15.50, 31.00),
(173, 14, 3, 1, 8.75, 8.75),
(174, 14, 4, 1, 22.99, 22.99),
(175, 14, 5, 2, 5.99, 11.98),
(176, 14, 6, 3, 12.49, 37.47),
(177, 14, 7, 1, 19.90, 19.90),
(178, 14, 8, 2, 30.00, 60.00),
(179, 14, 9, 1, 45.50, 45.50),
(180, 14, 10, 2, 2.50, 5.00),
(181, 11, 1, 2, 10.00, 20.00),
(182, 11, 2, 1, 15.50, 15.50),
(183, 11, 3, 3, 8.75, 26.25),
(184, 11, 4, 1, 22.99, 22.99),
(185, 11, 5, 5, 5.99, 29.95),
(186, 11, 6, 4, 12.49, 49.96),
(187, 11, 7, 2, 19.90, 39.80),
(188, 11, 8, 1, 30.00, 30.00),
(189, 11, 9, 2, 45.50, 91.00),
(190, 11, 10, 1, 2.50, 2.50),
(191, 12, 1, 1, 10.00, 10.00),
(192, 12, 2, 2, 15.50, 31.00),
(193, 12, 3, 1, 8.75, 8.75),
(194, 12, 4, 1, 22.99, 22.99),
(195, 12, 5, 2, 5.99, 11.98),
(196, 12, 6, 3, 12.49, 37.47),
(197, 12, 7, 1, 19.90, 19.90),
(198, 12, 8, 2, 30.00, 60.00),
(199, 12, 9, 1, 45.50, 45.50),
(200, 12, 10, 2, 2.50, 5.00),
(201, 13, 1, 3, 10.00, 30.00),
(202, 13, 2, 1, 15.50, 15.50),
(203, 13, 3, 2, 8.75, 17.50),
(204, 13, 4, 2, 22.99, 45.98),
(205, 13, 5, 1, 5.99, 5.99),
(206, 13, 6, 3, 12.49, 37.47),
(207, 13, 7, 1, 19.90, 19.90),
(208, 13, 8, 2, 30.00, 60.00),
(209, 13, 9, 1, 45.50, 45.50),
(210, 13, 10, 1, 2.50, 2.50),
(211, 14, 1, 1, 10.00, 10.00),
(212, 14, 2, 2, 15.50, 31.00),
(213, 14, 3, 1, 8.75, 8.75),
(214, 14, 4, 1, 22.99, 22.99),
(215, 14, 5, 2, 5.99, 11.98),
(216, 14, 6, 3, 12.49, 37.47),
(217, 14, 7, 1, 19.90, 19.90),
(218, 14, 8, 2, 30.00, 60.00),
(219, 14, 9, 1, 45.50, 45.50),
(220, 14, 10, 2, 2.50, 5.00),
(221, 11, 1, 2, 10.00, 20.00),
(222, 11, 2, 1, 15.50, 15.50),
(223, 11, 3, 3, 8.75, 26.25),
(224, 11, 4, 1, 22.99, 22.99),
(225, 11, 5, 5, 5.99, 29.95),
(226, 11, 6, 4, 12.49, 49.96),
(227, 11, 7, 2, 19.90, 39.80),
(228, 11, 8, 1, 30.00, 30.00),
(229, 11, 9, 2, 45.50, 91.00),
(230, 11, 10, 1, 2.50, 2.50),
(231, 12, 1, 1, 10.00, 10.00),
(232, 12, 2, 2, 15.50, 31.00),
(233, 12, 3, 1, 8.75, 8.75),
(234, 12, 4, 1, 22.99, 22.99),
(235, 12, 5, 2, 5.99, 11.98),
(236, 12, 6, 3, 12.49, 37.47),
(237, 12, 7, 1, 19.90, 19.90),
(238, 12, 8, 2, 30.00, 60.00),
(239, 12, 9, 1, 45.50, 45.50),
(240, 12, 10, 2, 2.50, 5.00),
(241, 13, 1, 3, 10.00, 30.00),
(242, 13, 2, 1, 15.50, 15.50),
(243, 13, 3, 2, 8.75, 17.50),
(244, 13, 4, 2, 22.99, 45.98),
(245, 13, 5, 1, 5.99, 5.99),
(246, 13, 6, 3, 12.49, 37.47),
(247, 13, 7, 1, 19.90, 19.90),
(248, 13, 8, 2, 30.00, 60.00),
(249, 13, 9, 1, 45.50, 45.50),
(250, 13, 10, 1, 2.50, 2.50),
(251, 14, 1, 1, 10.00, 10.00),
(252, 14, 2, 2, 15.50, 31.00),
(253, 14, 3, 1, 8.75, 8.75),
(254, 14, 4, 1, 22.99, 22.99),
(255, 14, 5, 2, 5.99, 11.98),
(256, 14, 6, 3, 12.49, 37.47),
(257, 14, 7, 1, 19.90, 19.90),
(258, 14, 8, 2, 30.00, 60.00),
(259, 14, 9, 1, 45.50, 45.50),
(260, 14, 10, 2, 2.50, 5.00),
(261, 15, 1, 2, 10.00, 20.00),
(262, 15, 2, 1, 15.50, 15.50),
(263, 15, 3, 3, 8.75, 26.25),
(264, 15, 4, 1, 22.99, 22.99),
(265, 15, 5, 5, 5.99, 29.95),
(266, 15, 6, 4, 12.49, 49.96),
(267, 15, 7, 2, 19.90, 39.80),
(268, 15, 8, 1, 30.00, 30.00),
(269, 15, 9, 2, 45.50, 91.00),
(270, 15, 10, 1, 2.50, 2.50),
(271, 16, 1, 2, 10.00, 20.00),
(272, 16, 2, 1, 15.50, 15.50),
(273, 16, 3, 3, 8.75, 26.25),
(274, 16, 4, 1, 22.99, 22.99),
(275, 16, 5, 5, 5.99, 29.95),
(276, 16, 6, 4, 12.49, 49.96),
(277, 16, 7, 2, 19.90, 39.80),
(278, 16, 8, 1, 30.00, 30.00),
(279, 16, 9, 2, 45.50, 91.00),
(280, 16, 10, 1, 2.50, 2.50),
(281, 17, 1, 1, 10.00, 10.00),
(282, 17, 2, 2, 15.50, 31.00),
(283, 17, 3, 1, 8.75, 8.75),
(284, 17, 4, 1, 22.99, 22.99),
(285, 17, 5, 2, 5.99, 11.98),
(286, 17, 6, 3, 12.49, 37.47),
(287, 17, 7, 1, 19.90, 19.90),
(288, 17, 8, 2, 30.00, 60.00),
(289, 17, 9, 1, 45.50, 45.50),
(290, 17, 10, 2, 2.50, 5.00),
(291, 18, 1, 3, 10.00, 30.00),
(292, 18, 2, 1, 15.50, 15.50),
(293, 18, 3, 2, 8.75, 17.50),
(294, 18, 4, 2, 22.99, 45.98),
(295, 18, 5, 1, 5.99, 5.99),
(296, 18, 6, 3, 12.49, 37.47),
(297, 18, 7, 1, 19.90, 19.90),
(298, 18, 8, 2, 30.00, 60.00),
(299, 18, 9, 1, 45.50, 45.50),
(300, 18, 10, 1, 2.50, 2.50),
(301, 19, 1, 1, 10.00, 10.00),
(302, 19, 2, 2, 15.50, 31.00),
(303, 19, 3, 1, 8.75, 8.75),
(304, 19, 4, 1, 22.99, 22.99),
(305, 19, 5, 2, 5.99, 11.98),
(306, 19, 6, 3, 12.49, 37.47),
(307, 19, 7, 1, 19.90, 19.90),
(308, 19, 8, 2, 30.00, 60.00),
(309, 19, 9, 1, 45.50, 45.50),
(310, 19, 10, 2, 2.50, 5.00),
(311, 20, 1, 2, 10.00, 20.00),
(312, 20, 2, 1, 15.50, 15.50),
(313, 20, 3, 3, 8.75, 26.25),
(314, 20, 4, 1, 22.99, 22.99),
(315, 20, 5, 5, 5.99, 29.95),
(316, 20, 6, 4, 12.49, 49.96),
(317, 20, 7, 2, 19.90, 39.80),
(318, 20, 8, 1, 30.00, 30.00),
(319, 20, 9, 2, 45.50, 91.00),
(320, 20, 10, 1, 2.50, 2.50),
(321, 26, 2, 1, 15.50, 15.50),
(322, 26, 3, 1, 8.75, 8.75),
(323, 26, 10, 1, 2.50, 2.50),
(324, 27, 1, 1, 10.00, 10.00),
(325, 27, 2, 1, 15.50, 15.50),
(326, 27, 3, 1, 8.75, 8.75),
(327, 28, 1, 1, 10.00, 10.00),
(328, 28, 22, 1, 14.25, 14.25),
(329, 28, 2, 1, 15.50, 15.50),
(330, 29, 1, 1, 10.00, 10.00),
(331, 29, 2, 2, 15.50, 31.00),
(332, 29, 3, 1, 8.75, 8.75),
(333, 30, 1, 1, 10.00, 10.00),
(334, 30, 2, 1, 15.50, 15.50),
(335, 30, 25, 1, 28.60, 28.60),
(336, 31, 5, 1, 5.99, 5.99),
(337, 21, 1, 2, 10.00, 20.00),
(338, 21, 2, 1, 15.50, 15.50),
(339, 21, 3, 3, 8.75, 26.25),
(340, 21, 4, 1, 22.99, 22.99),
(341, 21, 5, 5, 5.99, 29.95),
(342, 21, 6, 4, 12.49, 49.96),
(343, 21, 7, 2, 19.90, 39.80),
(344, 21, 8, 1, 30.00, 30.00),
(345, 21, 9, 2, 45.50, 91.00),
(346, 21, 10, 1, 2.50, 2.50),
(347, 22, 1, 2, 10.00, 20.00),
(348, 22, 2, 1, 15.50, 15.50),
(349, 22, 3, 3, 8.75, 26.25),
(350, 22, 4, 1, 22.99, 22.99),
(351, 22, 5, 5, 5.99, 29.95),
(352, 22, 6, 4, 12.49, 49.96),
(353, 22, 7, 2, 19.90, 39.80),
(354, 22, 8, 1, 30.00, 30.00),
(355, 22, 9, 2, 45.50, 91.00),
(356, 22, 10, 1, 2.50, 2.50),
(357, 23, 1, 2, 10.00, 20.00),
(358, 23, 2, 1, 15.50, 15.50),
(359, 23, 3, 3, 8.75, 26.25),
(360, 23, 4, 1, 22.99, 22.99),
(361, 23, 5, 5, 5.99, 29.95),
(362, 23, 6, 4, 12.49, 49.96),
(363, 23, 7, 2, 19.90, 39.80),
(364, 23, 8, 1, 30.00, 30.00),
(365, 23, 9, 2, 45.50, 91.00),
(366, 23, 10, 1, 2.50, 2.50),
(367, 24, 1, 2, 10.00, 20.00),
(368, 24, 2, 1, 15.50, 15.50),
(369, 24, 3, 3, 8.75, 26.25),
(370, 24, 4, 1, 22.99, 22.99),
(371, 24, 5, 5, 5.99, 29.95),
(372, 25, 6, 4, 12.49, 49.96),
(373, 25, 7, 2, 19.90, 39.80),
(374, 25, 8, 1, 30.00, 30.00),
(375, 25, 9, 2, 45.50, 91.00),
(376, 25, 10, 1, 2.50, 2.50);

-- --------------------------------------------------------
--
-- Índices para tabela `pedidos_produtos`
--
ALTER TABLE `pedidos_produtos`
  ADD PRIMARY KEY (`id`),
  ADD KEY `idx_numero_pedido` (`numero_pedido`),
  ADD KEY `idx_codigo_produto` (`codigo_produto`);

--
-- Estrutura da tabela `produtos`
--

CREATE TABLE `produtos` (
  `codigo` int(11) NOT NULL,
  `descricao` varchar(100) NOT NULL,
  `preco_venda` decimal(10,2) NOT NULL
) ENGINE=InnoDB DEFAULT CHARSET=utf8 COLLATE=utf8_general_ci;

--
-- Extraindo dados da tabela `produtos`
--

INSERT INTO `produtos` (`codigo`, `descricao`, `preco_venda`) VALUES
(1, 'Produto A', 10.00),
(2, 'Produto B', 15.50),
(3, 'Produto C', 8.75),
(4, 'Produto D', 22.99),
(5, 'Produto E', 5.99),
(6, 'Produto F', 12.49),
(7, 'Produto G', 19.90),
(8, 'Produto H', 30.00),
(9, 'Produto I', 45.50),
(10, 'Produto J', 2.50),
(11, 'Produto K', 99.99),
(12, 'Produto L', 33.33),
(13, 'Produto M', 27.89),
(14, 'Produto N', 18.20),
(15, 'Produto O', 7.40),
(16, 'Produto P', 11.15),
(17, 'Produto Q', 13.99),
(18, 'Produto R', 4.99),
(19, 'Produto S', 20.00),
(20, 'Produto T', 35.75),
(21, 'Produto U', 16.80),
(22, 'Produto V', 14.25),
(23, 'Produto W', 9.90),
(24, 'Produto X', 3.50),
(25, 'Produto Y', 28.60),
(26, 'Produto Z', 23.45);

--
-- Índices para tabela `produtos`
--
ALTER TABLE `produtos`
  ADD PRIMARY KEY (`codigo`),
  ADD KEY `idx_descricao` (`descricao`);

--
-- AUTO_INCREMENT de tabelas despejadas
--
--
-- AUTO_INCREMENT de tabela `clientes`
--
ALTER TABLE `clientes`
  MODIFY `codigo` int(11) NOT NULL AUTO_INCREMENT, AUTO_INCREMENT=27;

--
-- AUTO_INCREMENT de tabela `pedidos`
--
ALTER TABLE `pedidos`
  MODIFY `numero_pedido` int(11) NOT NULL AUTO_INCREMENT, AUTO_INCREMENT=32;

--
-- AUTO_INCREMENT de tabela `pedidos_produtos`
--
ALTER TABLE `pedidos_produtos`
  MODIFY `id` int(11) NOT NULL AUTO_INCREMENT, AUTO_INCREMENT=377;

--
-- AUTO_INCREMENT de tabela `produtos`
--
ALTER TABLE `produtos`
  MODIFY `codigo` int(11) NOT NULL AUTO_INCREMENT, AUTO_INCREMENT=27;

--
-- Limitadores para a tabela `pedidos`
--
ALTER TABLE `pedidos`
  ADD CONSTRAINT `pedidos_ibfk_1` FOREIGN KEY (`codigo_cliente`) REFERENCES `clientes` (`codigo`) ON DELETE CASCADE;

--
-- Limitadores para a tabela `pedidos_produtos`
--
ALTER TABLE `pedidos_produtos`
  ADD CONSTRAINT `pedidos_produtos_ibfk_1` FOREIGN KEY (`numero_pedido`) REFERENCES `pedidos` (`numero_pedido`) ON DELETE CASCADE,
  ADD CONSTRAINT `pedidos_produtos_ibfk_2` FOREIGN KEY (`codigo_produto`) REFERENCES `produtos` (`codigo`) ON DELETE CASCADE;
COMMIT;

/*!40101 SET CHARACTER_SET_CLIENT=@OLD_CHARACTER_SET_CLIENT */;
/*!40101 SET CHARACTER_SET_RESULTS=@OLD_CHARACTER_SET_RESULTS */;
/*!40101 SET COLLATION_CONNECTION=@OLD_COLLATION_CONNECTION */;
